"USUBJID","TRT01A","PD_CAT","PD_CODE","PDDESC","PDDY","PDDTC","SEVERITY"
"SUBJ-0045","Experimental","Eligibility","ELIG-02","Exclusion criterion violated: prior therapy within washout period",123,"2025-05-18","Minor"
"SUBJ-0045","Experimental","Dose Modification","DOSE-01","Dose modification not per protocol algorithm",156,"2025-06-20","Major"
"SUBJ-0049","Experimental","Eligibility","ELIG-01","Inclusion criterion not met: baseline lab value outside range",46,"2025-03-02","Major"
"SUBJ-0063","Experimental","Visit Window","VISIT-01","Visit conducted outside protocol-specified window (+7 days)",81,"2025-04-06","Minor"
"SUBJ-0008","Experimental","Endpoint Deviation","ENDPT-01","Primary endpoint assessment not performed per schedule",342,"2025-12-23","Critical"
"SUBJ-0008","Experimental","Visit Window","VISIT-02","Missing required assessment at scheduled visit",362,"2026-01-12","Critical"
"SUBJ-0041","Experimental","Consent","CONSENT-02","Consent re-consent not obtained after protocol amendment",235,"2025-09-07","Major"
"SUBJ-0041","Experimental","Endpoint Deviation","ENDPT-02","Imaging assessment not reviewed by independent radiologist",281,"2025-10-23","Critical"
"SUBJ-0075","Experimental","Prohibited Medication","PROHIB-02","Prior medication washout period not completed",234,"2025-09-06","Minor"
"SUBJ-0078","Experimental","Dose Modification","DOSE-02","Treatment delay >7 days without protocol authorization",323,"2025-12-04","Major"
"SUBJ-0042","Experimental","Visit Window","VISIT-03","Visit conducted >14 days outside window",135,"2025-05-30","Critical"
"SUBJ-0069","Experimental","Dose Modification","DOSE-03","Dose administered outside ±10% of protocol-specified dose",321,"2025-12-02","Major"
"SUBJ-0069","Experimental","Prohibited Medication","PROHIB-01","Concomitant medication prohibited per protocol",323,"2025-12-04","Critical"
"SUBJ-0037","Experimental","Visit Window","VISIT-03","Visit conducted >14 days outside window",14,"2025-01-29","Minor"
"SUBJ-0005","Experimental","Eligibility","ELIG-03","Informed consent obtained after first dose",119,"2025-05-14","Minor"
"SUBJ-0005","Experimental","Dose Modification","DOSE-03","Dose administered outside ±10% of protocol-specified dose",233,"2025-09-05","Critical"
"SUBJ-0005","Experimental","Prohibited Medication","PROHIB-01","Concomitant medication prohibited per protocol",11,"2025-01-26","Minor"
"SUBJ-0021","Experimental","Visit Window","VISIT-02","Missing required assessment at scheduled visit",359,"2026-01-09","Minor"
"SUBJ-0030","Experimental","Prohibited Medication","PROHIB-02","Prior medication washout period not completed",309,"2025-11-20","Minor"
"SUBJ-0098","Experimental","Dose Modification","DOSE-03","Dose administered outside ±10% of protocol-specified dose",69,"2025-03-25","Major"
"SUBJ-0098","Experimental","Eligibility","ELIG-02","Exclusion criterion violated: prior therapy within washout period",86,"2025-04-11","Minor"
"SUBJ-0006","Experimental","Visit Window","VISIT-01","Visit conducted outside protocol-specified window (+7 days)",64,"2025-03-20","Major"
"SUBJ-0006","Experimental","Consent","CONSENT-02","Consent re-consent not obtained after protocol amendment",360,"2026-01-10","Major"
"SUBJ-0006","Experimental","Prohibited Medication","PROHIB-02","Prior medication washout period not completed",6,"2025-01-21","Minor"
"SUBJ-0056","Experimental","Eligibility","ELIG-02","Exclusion criterion violated: prior therapy within washout period",170,"2025-07-04","Minor"
"SUBJ-0089","Experimental","Eligibility","ELIG-01","Inclusion criterion not met: baseline lab value outside range",190,"2025-07-24","Major"
"SUBJ-0089","Experimental","Endpoint Deviation","ENDPT-02","Imaging assessment not reviewed by independent radiologist",117,"2025-05-12","Major"
"SUBJ-0097","Experimental","Eligibility","ELIG-02","Exclusion criterion violated: prior therapy within washout period",91,"2025-04-16","Critical"
"SUBJ-0011","Experimental","Eligibility","ELIG-01","Inclusion criterion not met: baseline lab value outside range",178,"2025-07-12","Major"
"SUBJ-0007","Experimental","Prohibited Medication","PROHIB-02","Prior medication washout period not completed",344,"2025-12-25","Critical"
"SUBJ-0087","Experimental","Endpoint Deviation","ENDPT-02","Imaging assessment not reviewed by independent radiologist",46,"2025-03-02","Major"
"SUBJ-0052","Experimental","Visit Window","VISIT-03","Visit conducted >14 days outside window",351,"2026-01-01","Major"
"SUBJ-0052","Experimental","Dose Modification","DOSE-03","Dose administered outside ±10% of protocol-specified dose",143,"2025-06-07","Minor"
"SUBJ-0001","Experimental","Dose Modification","DOSE-02","Treatment delay >7 days without protocol authorization",26,"2025-02-10","Major"
"SUBJ-0001","Experimental","Eligibility","ELIG-03","Informed consent obtained after first dose",6,"2025-01-21","Major"
"SUBJ-0001","Experimental","Endpoint Deviation","ENDPT-02","Imaging assessment not reviewed by independent radiologist",313,"2025-11-24","Minor"
"SUBJ-0015","Experimental","Prohibited Medication","PROHIB-01","Concomitant medication prohibited per protocol",100,"2025-04-25","Major"
"SUBJ-0015","Experimental","Visit Window","VISIT-02","Missing required assessment at scheduled visit",192,"2025-07-26","Major"
"SUBJ-0039","Experimental","Consent","CONSENT-02","Consent re-consent not obtained after protocol amendment",285,"2025-10-27","Major"
"SUBJ-0062","Experimental","Endpoint Deviation","ENDPT-01","Primary endpoint assessment not performed per schedule",325,"2025-12-06","Major"
"SUBJ-0067","Experimental","Visit Window","VISIT-01","Visit conducted outside protocol-specified window (+7 days)",94,"2025-04-19","Major"
"SUBJ-0034","Experimental","Dose Modification","DOSE-02","Treatment delay >7 days without protocol authorization",117,"2025-05-12","Minor"
"SUBJ-0095","Experimental","Endpoint Deviation","ENDPT-01","Primary endpoint assessment not performed per schedule",1,"2025-01-16","Major"
"SUBJ-0095","Experimental","Visit Window","VISIT-01","Visit conducted outside protocol-specified window (+7 days)",278,"2025-10-20","Major"
"SUBJ-0095","Experimental","Eligibility","ELIG-02","Exclusion criterion violated: prior therapy within washout period",6,"2025-01-21","Major"
"SUBJ-0047","Experimental","Endpoint Deviation","ENDPT-02","Imaging assessment not reviewed by independent radiologist",24,"2025-02-08","Major"
"SUBJ-0047","Experimental","Dose Modification","DOSE-01","Dose modification not per protocol algorithm",315,"2025-11-26","Major"
"SUBJ-0047","Experimental","Visit Window","VISIT-01","Visit conducted outside protocol-specified window (+7 days)",86,"2025-04-11","Major"
"SUBJ-0148","Control","Dose Modification","DOSE-03","Dose administered outside ±10% of protocol-specified dose",51,"2025-03-07","Major"
"SUBJ-0137","Control","Visit Window","VISIT-02","Missing required assessment at scheduled visit",32,"2025-02-16","Minor"
"SUBJ-0103","Control","Eligibility","ELIG-01","Inclusion criterion not met: baseline lab value outside range",101,"2025-04-26","Major"
"SUBJ-0108","Control","Prohibited Medication","PROHIB-01","Concomitant medication prohibited per protocol",346,"2025-12-27","Minor"
"SUBJ-0180","Control","Prohibited Medication","PROHIB-01","Concomitant medication prohibited per protocol",189,"2025-07-23","Major"
"SUBJ-0112","Control","Eligibility","ELIG-01","Inclusion criterion not met: baseline lab value outside range",89,"2025-04-14","Major"
"SUBJ-0127","Control","Dose Modification","DOSE-03","Dose administered outside ±10% of protocol-specified dose",101,"2025-04-26","Minor"
"SUBJ-0175","Control","Prohibited Medication","PROHIB-01","Concomitant medication prohibited per protocol",350,"2025-12-31","Minor"
"SUBJ-0175","Control","Consent","CONSENT-01","Informed consent form version not current",121,"2025-05-16","Major"
"SUBJ-0168","Control","Consent","CONSENT-02","Consent re-consent not obtained after protocol amendment",129,"2025-05-24","Minor"
"SUBJ-0179","Control","Endpoint Deviation","ENDPT-02","Imaging assessment not reviewed by independent radiologist",331,"2025-12-12","Major"
"SUBJ-0198","Control","Dose Modification","DOSE-02","Treatment delay >7 days without protocol authorization",309,"2025-11-20","Major"
"SUBJ-0198","Control","Eligibility","ELIG-01","Inclusion criterion not met: baseline lab value outside range",288,"2025-10-30","Major"
"SUBJ-0172","Control","Visit Window","VISIT-02","Missing required assessment at scheduled visit",349,"2025-12-30","Minor"
"SUBJ-0152","Control","Endpoint Deviation","ENDPT-01","Primary endpoint assessment not performed per schedule",293,"2025-11-04","Major"
"SUBJ-0152","Control","Prohibited Medication","PROHIB-02","Prior medication washout period not completed",75,"2025-03-31","Critical"
"SUBJ-0152","Control","Consent","CONSENT-01","Informed consent form version not current",169,"2025-07-03","Minor"
"SUBJ-0186","Control","Prohibited Medication","PROHIB-01","Concomitant medication prohibited per protocol",194,"2025-07-28","Major"
"SUBJ-0186","Control","Endpoint Deviation","ENDPT-01","Primary endpoint assessment not performed per schedule",101,"2025-04-26","Minor"
"SUBJ-0109","Control","Eligibility","ELIG-01","Inclusion criterion not met: baseline lab value outside range",27,"2025-02-11","Minor"
"SUBJ-0141","Control","Eligibility","ELIG-03","Informed consent obtained after first dose",288,"2025-10-30","Major"
"SUBJ-0141","Control","Visit Window","VISIT-01","Visit conducted outside protocol-specified window (+7 days)",315,"2025-11-26","Critical"
"SUBJ-0169","Control","Eligibility","ELIG-02","Exclusion criterion violated: prior therapy within washout period",191,"2025-07-25","Major"
"SUBJ-0169","Control","Prohibited Medication","PROHIB-01","Concomitant medication prohibited per protocol",105,"2025-04-30","Critical"
"SUBJ-0136","Control","Prohibited Medication","PROHIB-01","Concomitant medication prohibited per protocol",208,"2025-08-11","Critical"
"SUBJ-0122","Control","Prohibited Medication","PROHIB-02","Prior medication washout period not completed",224,"2025-08-27","Major"
"SUBJ-0113","Control","Dose Modification","DOSE-03","Dose administered outside ±10% of protocol-specified dose",259,"2025-10-01","Minor"
"SUBJ-0113","Control","Consent","CONSENT-02","Consent re-consent not obtained after protocol amendment",312,"2025-11-23","Minor"
"SUBJ-0129","Control","Endpoint Deviation","ENDPT-01","Primary endpoint assessment not performed per schedule",215,"2025-08-18","Minor"
"SUBJ-0129","Control","Eligibility","ELIG-03","Informed consent obtained after first dose",316,"2025-11-27","Critical"
"SUBJ-0129","Control","Dose Modification","DOSE-01","Dose modification not per protocol algorithm",346,"2025-12-27","Minor"
"SUBJ-0170","Control","Dose Modification","DOSE-02","Treatment delay >7 days without protocol authorization",228,"2025-08-31","Minor"
"SUBJ-0189","Control","Endpoint Deviation","ENDPT-01","Primary endpoint assessment not performed per schedule",272,"2025-10-14","Major"
"SUBJ-0189","Control","Consent","CONSENT-01","Informed consent form version not current",90,"2025-04-15","Minor"
"SUBJ-0189","Control","Eligibility","ELIG-02","Exclusion criterion violated: prior therapy within washout period",1,"2025-01-16","Major"
"SUBJ-0134","Control","Eligibility","ELIG-02","Exclusion criterion violated: prior therapy within washout period",169,"2025-07-03","Minor"
"SUBJ-0134","Control","Visit Window","VISIT-03","Visit conducted >14 days outside window",332,"2025-12-13","Major"
"SUBJ-0134","Control","Dose Modification","DOSE-02","Treatment delay >7 days without protocol authorization",168,"2025-07-02","Major"
"SUBJ-0167","Control","Consent","CONSENT-02","Consent re-consent not obtained after protocol amendment",81,"2025-04-06","Minor"
"SUBJ-0107","Control","Eligibility","ELIG-01","Inclusion criterion not met: baseline lab value outside range",307,"2025-11-18","Minor"
"SUBJ-0161","Control","Visit Window","VISIT-03","Visit conducted >14 days outside window",242,"2025-09-14","Minor"
"SUBJ-0161","Control","Prohibited Medication","PROHIB-01","Concomitant medication prohibited per protocol",216,"2025-08-19","Minor"
"SUBJ-0132","Control","Consent","CONSENT-02","Consent re-consent not obtained after protocol amendment",274,"2025-10-16","Minor"
"SUBJ-0155","Control","Prohibited Medication","PROHIB-01","Concomitant medication prohibited per protocol",60,"2025-03-16","Major"
"SUBJ-0177","Control","Dose Modification","DOSE-02","Treatment delay >7 days without protocol authorization",351,"2026-01-01","Major"
